nombre,sueldo,complemento,sueldoTotal
Smith,800,NULL,800
Allen,1600,300,1900
Ward,1250,500,1750
Jones,2975,NULL,2975
Martin,1250,1400,2650
Blake,2850,NULL,2850
Clark,2450,NULL,2450
Scott,3000,NULL,3000
King,5000,NULL,5000
Turner,1500,0,1500
Adams,1100,NULL,1100
James,950,NULL,950
Ford,3000,NULL,3000
Miller,1300,NULL,1300
