nombre,empleo,antiguedad
Smith,Ordenanza,5928
Allen,Vendedor,5863
Ward,Vendedor,5861
Jones,Directivo,5822
Martin,Vendedor,5643
Blake,Directivo,5793
Clark,Directivo,5754
Scott,Analista,5206
King,Director,5593
Turner,Vendedor,5663
Adams,Ordenanza,5172
James,Ordenanza,5577
Ford,Analista,5577
Miller,Ordenanza,5526
